mz,intensity,percent,DistributionLabel,PeakNumber
NA,0,0,Br1,-9
NA,0,0,Br1,-8
NA,0,0,Br1,-7
NA,0,0,Br1,-6
NA,0,0,Br1,-5
NA,0,0,Br1,-4
NA,0,0,Br1,-3
NA,0,0,Br1,-2
NA,0,0,Br1,-1
NA,0,0,Br1,0
234,4480,100,Br1,1
235.01,599,13.37,Br1,2
236,4342,96.92,Br1,3
237.01,553,12.34,Br1,4
238.01,26,0.58,Br1,5
NA,0,0,Br1,6
NA,0,0,Br1,7
NA,0,0,Br1,8
NA,0,0,Br1,9
NA,0,0,Br1,10
NA,0,0,Br1,11
NA,0,0,Br1,12
NA,0,0,Br1,13
NA,0,0,Br1,14
NA,0,0,Br2,-9
NA,0,0,Br2,-8
NA,0,0,Br2,-7
NA,0,0,Br2,-6
NA,0,0,Br2,-5
NA,0,0,Br2,-4
NA,0,0,Br2,-3
NA,0,0,Br2,-2
311.91,2203,49.95,Br2,-1
312.92,319,7.23,Br2,0
313.91,4410,100,Br2,1
314.92,584,13.24,Br2,2
315.91,2196,49.8,Br2,3
316.91,270,6.12,Br2,4
317.92,18,0.41,Br2,5
NA,0,0,Br2,6
NA,0,0,Br2,7
NA,0,0,Br2,8
NA,0,0,Br2,9
NA,0,0,Br2,10
NA,0,0,Br2,11
NA,0,0,Br2,12
NA,0,0,Br2,13
NA,0,0,Br2,14
NA,0,0,Br3,-9
NA,0,0,Br3,-8
NA,0,0,Br3,-7
NA,0,0,Br3,-6
NA,0,0,Br3,-5
NA,0,0,Br3,-4
NA,0,0,Br3,-3
NA,0,0,Br3,-2
389.83,1155,34.68,Br3,-1
390.83,164,4.92,Br3,0
391.82,3330,100,Br3,1
392.83,425,12.76,Br3,2
393.82,3291,98.83,Br3,3
394.82,425,12.76,Br3,4
395.82,1067,32.04,Br3,5
396.82,133,3.99,Br3,6
397.83,9,0.27,Br3,7
398.83,1,0.03,Br3,8
NA,0,0,Br3,9
NA,0,0,Br3,10
NA,0,0,Br3,11
NA,0,0,Br3,12
NA,0,0,Br3,13
NA,0,0,Br3,14
NA,0,0,Br4,-9
NA,0,0,Br4,-8
NA,0,0,Br4,-7
NA,0,0,Br4,-6
NA,0,0,Br4,-5
NA,0,0,Br4,-4
467.74,615,18.59,Br4,-3
468.74,76,2.3,Br4,-2
469.73,2221,67.12,Br4,-1
470.74,292,8.82,Br4,0
471.73,3309,100,Br4,1
472.74,432,13.06,Br4,2
473.73,2219,67.06,Br4,3
474.73,306,9.25,Br4,4
475.73,465,14.05,Br4,5
476.73,62,1.87,Br4,6
477.73,3,0.09,Br4,7
NA,0,0,Br4,8
NA,0,0,Br4,9
NA,0,0,Br4,10
NA,0,0,Br4,11
NA,0,0,Br4,12
NA,0,0,Br4,13
NA,0,0,Br4,14
NA,0,0,Br5,-9
NA,0,0,Br5,-8
NA,0,0,Br5,-7
NA,0,0,Br5,-6
NA,0,0,Br5,-5
NA,0,0,Br5,-4
545.65,288,10.24,Br5,-3
546.65,32,1.14,Br5,-2
547.64,1422,50.55,Br5,-1
548.65,167,5.94,Br5,0
549.64,2813,100,Br5,1
550.65,357,12.69,Br5,2
551.64,2756,97.97,Br5,3
552.64,327,11.62,Br5,4
553.64,1353,48.1,Br5,5
554.64,187,6.65,Br5,6
555.64,260,9.24,Br5,7
556.64,34,1.21,Br5,8
557.64,4,0.14,Br5,9
NA,0,0,Br5,10
NA,0,0,Br5,11
NA,0,0,Br5,12
NA,0,0,Br5,13
NA,0,0,Br5,14
NA,0,0,Br6,-9
NA,0,0,Br6,-8
NA,0,0,Br6,-7
NA,0,0,Br6,-6
623.56,124,4.46,Br6,-5
624.56,23,0.83,Br6,-4
625.55,879,31.58,Br6,-3
626.56,122,4.38,Br6,-2
627.55,2150,77.25,Br6,-1
628.56,267,9.59,Br6,0
629.55,2783,100,Br6,1
630.55,359,12.9,Br6,2
631.55,1990,71.51,Br6,3
632.55,267,9.59,Br6,4
633.55,774,27.81,Br6,5
634.55,109,3.92,Br6,6
635.55,139,4.99,Br6,7
636.55,13,0.47,Br6,8
637.55,1,0.04,Br6,9
NA,0,0,Br6,10
NA,0,0,Br6,11
NA,0,0,Br6,12
NA,0,0,Br6,13
NA,0,0,Br6,14
NA,0,0,Br7,-9
NA,0,0,Br7,-8
701.47,66,2.68,Br7,-7
702.47,7,0.28,Br7,-6
703.47,491,19.92,Br7,-5
704.47,67,2.72,Br7,-4
705.46,1542,62.56,Br7,-3
706.47,171,6.94,Br7,-2
707.46,2421,98.22,Br7,-1
708.46,285,11.56,Br7,0
709.46,2465,100,Br7,1
710.46,261,10.59,Br7,2
711.46,1437,58.3,Br7,3
712.46,207,8.4,Br7,4
713.46,453,18.38,Br7,5
714.46,44,1.78,Br7,6
715.45,73,2.96,Br7,7
716.46,10,0.41,Br7,8
NA,0,0,Br7,9
NA,0,0,Br7,10
NA,0,0,Br7,11
NA,0,0,Br7,12
NA,0,0,Br7,13
NA,0,0,Br7,14
NA,0,0,Br8,-9
NA,0,0,Br8,-8
779.38,34,1.42,Br8,-7
780.38,4,0.17,Br8,-6
781.38,308,12.91,Br8,-5
782.38,29,1.22,Br8,-4
783.37,1023,42.88,Br8,-3
784.38,136,5.7,Br8,-2
785.37,2001,83.86,Br8,-1
786.38,233,9.77,Br8,0
787.37,2386,100,Br8,1
788.37,299,12.53,Br8,2
789.37,1859,77.91,Br8,3
790.37,254,10.65,Br8,4
791.37,958,40.15,Br8,5
792.37,145,6.08,Br8,6
793.36,255,10.69,Br8,7
794.37,37,1.55,Br8,8
795.36,35,1.47,Br8,9
796.36,4,0.17,Br8,10
NA,0,0,Br8,11
NA,0,0,Br8,12
NA,0,0,Br8,13
NA,0,0,Br8,14
NA,0,0,Br9,-9
NA,0,0,Br9,-8
857.29,18,0.82,Br9,-7
858.29,2,0.09,Br9,-6
859.29,190,8.66,Br9,-5
860.29,20,0.91,Br9,-4
861.28,648,29.55,Br9,-3
862.29,81,3.69,Br9,-2
863.28,1524,69.49,Br9,-1
864.29,197,8.98,Br9,0
865.28,2193,100,Br9,1
866.28,267,12.18,Br9,2
867.28,2152,98.13,Br9,3
868.28,264,12.04,Br9,4
869.28,1450,66.12,Br9,5
870.28,164,7.48,Br9,6
871.27,588,26.81,Br9,7
872.28,84,3.83,Br9,8
873.27,120,5.47,Br9,9
874.28,14,0.64,Br9,10
875.27,23,1.05,Br9,11
877.28,1,0.05,Br9,12
NA,0,0,Br9,13
NA,0,0,Br9,14
935.2,10,0.46,Br10,-9
936.2,2,0.09,Br10,-8
937.2,89,4.13,Br10,-7
938.2,15,0.7,Br10,-6
939.19,436,20.23,Br10,-5
940.2,57,2.65,Br10,-4
941.19,1115,51.74,Br10,-3
942.2,129,5.99,Br10,-2
943.19,1893,87.84,Br10,-1
944.19,234,10.86,Br10,0
945.19,2155,100,Br10,1
946.19,288,13.36,Br10,2
947.19,1725,80.05,Br10,3
948.19,233,10.81,Br10,4
949.18,961,44.59,Br10,5
950.19,138,6.4,Br10,6
951.18,373,17.31,Br10,7
952.19,40,1.86,Br10,8
953.18,87,4.04,Br10,9
954.18,13,0.6,Br10,10
955.18,6,0.28,Br10,11
956.18,1,0.05,Br10,12
NA,0,0,Br10,13
NA,0,0,Br10,14
NA,0,0,Cl1,-9
NA,0,0,Cl1,-8
NA,0,0,Cl1,-7
NA,0,0,Cl1,-6
NA,0,0,Cl1,-5
NA,0,0,Cl1,-4
NA,0,0,Cl1,-3
NA,0,0,Cl1,-2
NA,0,0,Cl1,-1
NA,0,0,Cl1,0
190.05,6588,100,Cl1,1
191.06,867,13.16,Cl1,2
192.05,2276,34.55,Cl1,3
193.06,258,3.92,Cl1,4
194.06,11,0.17,Cl1,5
NA,0,0,Cl1,6
NA,0,0,Cl1,7
NA,0,0,Cl1,8
NA,0,0,Cl1,9
NA,0,0,Cl1,10
NA,0,0,Cl1,11
NA,0,0,Cl1,12
NA,0,0,Cl1,13
NA,0,0,Cl1,14
NA,0,0,Cl2,-9
NA,0,0,Cl2,-8
NA,0,0,Cl2,-7
NA,0,0,Cl2,-6
NA,0,0,Cl2,-5
NA,0,0,Cl2,-4
NA,0,0,Cl2,-3
NA,0,0,Cl2,-2
NA,0,0,Cl2,-1
NA,0,0,Cl2,0
224.02,5106,100,Cl2,1
225.02,637,12.48,Cl2,2
226.01,3249,63.63,Cl2,3
227.02,437,8.56,Cl2,4
228.01,489,9.58,Cl2,5
229.01,75,1.47,Cl2,6
230.02,6,0.12,Cl2,7
231.02,1,0.02,Cl2,8
NA,0,0,Cl2,9
NA,0,0,Cl2,10
NA,0,0,Cl2,11
NA,0,0,Cl2,12
NA,0,0,Cl2,13
NA,0,0,Cl2,14
NA,0,0,Cl3,-9
NA,0,0,Cl3,-8
NA,0,0,Cl3,-7
NA,0,0,Cl3,-6
NA,0,0,Cl3,-5
NA,0,0,Cl3,-4
NA,0,0,Cl3,-3
NA,0,0,Cl3,-2
NA,0,0,Cl3,-1
NA,0,0,Cl3,0
257.98,3791,100,Cl3,1
258.98,535,14.11,Cl3,2
259.97,3738,98.6,Cl3,3
260.98,460,12.13,Cl3,4
261.97,1177,31.05,Cl3,5
262.97,177,4.67,Cl3,6
263.97,111,2.93,Cl3,7
264.97,8,0.21,Cl3,8
265.97,3,0.08,Cl3,9
NA,0,0,Cl3,10
NA,0,0,Cl3,11
NA,0,0,Cl3,12
NA,0,0,Cl3,13
NA,0,0,Cl3,14
NA,0,0,Cl4,-9
NA,0,0,Cl4,-8
NA,0,0,Cl4,-7
NA,0,0,Cl4,-6
NA,0,0,Cl4,-5
NA,0,0,Cl4,-4
NA,0,0,Cl4,-3
NA,0,0,Cl4,-2
291.94,2895,79.84,Cl4,-1
292.94,407,11.22,Cl4,0
293.94,3626,100,Cl4,1
294.94,457,12.6,Cl4,2
295.93,1867,51.49,Cl4,3
296.94,242,6.67,Cl4,4
297.93,424,11.69,Cl4,5
298.93,48,1.32,Cl4,6
299.93,31,0.85,Cl4,7
300.93,2,0.06,Cl4,8
301.93,1,0.03,Cl4,9
NA,0,0,Cl4,10
NA,0,0,Cl4,11
NA,0,0,Cl4,12
NA,0,0,Cl4,13
NA,0,0,Cl4,14
NA,0,0,Cl5,-9
NA,0,0,Cl5,-8
NA,0,0,Cl5,-7
NA,0,0,Cl5,-6
NA,0,0,Cl5,-5
NA,0,0,Cl5,-4
NA,0,0,Cl5,-3
NA,0,0,Cl5,-2
325.9,2113,59.76,Cl5,-1
326.9,304,8.6,Cl5,0
327.9,3536,100,Cl5,1
328.9,485,13.72,Cl5,2
329.89,2323,65.7,Cl5,3
330.9,298,8.43,Cl5,4
331.89,701,19.82,Cl5,5
332.89,108,3.05,Cl5,6
333.89,101,2.86,Cl5,7
334.89,20,0.57,Cl5,8
335.88,11,0.31,Cl5,9
NA,0,0,Cl5,10
NA,0,0,Cl5,11
NA,0,0,Cl5,12
NA,0,0,Cl5,13
NA,0,0,Cl5,14
NA,0,0,Cl6,-9
NA,0,0,Cl6,-8
NA,0,0,Cl6,-7
NA,0,0,Cl6,-6
NA,0,0,Cl6,-5
NA,0,0,Cl6,-4
NA,0,0,Cl6,-3
NA,0,0,Cl6,-2
359.86,1678,52.77,Cl6,-1
360.86,224,7.04,Cl6,0
361.86,3180,100,Cl6,1
362.86,405,12.74,Cl6,2
363.85,2612,82.14,Cl6,3
364.86,320,10.06,Cl6,4
365.85,1099,34.56,Cl6,5
366.85,138,4.34,Cl6,6
367.85,261,8.21,Cl6,7
368.85,31,0.97,Cl6,8
369.85,45,1.42,Cl6,9
370.85,5,0.16,Cl6,10
371.84,2,0.06,Cl6,11
NA,0,0,Cl6,12
NA,0,0,Cl6,13
NA,0,0,Cl6,14
NA,0,0,Cl7,-9
NA,0,0,Cl7,-8
NA,0,0,Cl7,-7
NA,0,0,Cl7,-6
NA,0,0,Cl7,-5
NA,0,0,Cl7,-4
NA,0,0,Cl7,-3
NA,0,0,Cl7,-2
393.82,1236,44.13,Cl7,-1
394.82,183,6.53,Cl7,0
395.82,2801,100,Cl7,1
396.82,373,13.32,Cl7,2
397.82,2755,98.36,Cl7,3
398.82,333,11.89,Cl7,4
399.81,1492,53.27,Cl7,5
400.82,172,6.14,Cl7,6
401.81,479,17.1,Cl7,7
402.81,70,2.5,Cl7,8
403.81,86,3.07,Cl7,9
404.81,8,0.29,Cl7,10
405.8,11,0.39,Cl7,11
406.82,1,0.04,Cl7,12
NA,0,0,Cl7,13
NA,0,0,Cl7,14
NA,0,0,Cl8,-9
NA,0,0,Cl8,-8
NA,0,0,Cl8,-7
NA,0,0,Cl8,-6
NA,0,0,Cl8,-5
NA,0,0,Cl8,-4
427.78,915,33.36,Cl8,-3
428.79,130,4.74,Cl8,-2
429.78,2494,90.92,Cl8,-1
430.78,324,11.81,Cl8,0
431.78,2743,100,Cl8,1
432.78,361,13.16,Cl8,2
433.77,1781,64.93,Cl8,3
434.78,240,8.75,Cl8,4
435.77,707,25.77,Cl8,5
436.77,92,3.35,Cl8,6
437.77,164,5.98,Cl8,7
438.77,21,0.77,Cl8,8
439.77,23,0.84,Cl8,9
440.77,4,0.15,Cl8,10
441.76,1,0.04,Cl8,11
NA,0,0,Cl8,12
NA,0,0,Cl8,13
NA,0,0,Cl8,14
NA,0,0,Cl9,-9
NA,0,0,Cl9,-8
NA,0,0,Cl9,-7
NA,0,0,Cl9,-6
NA,0,0,Cl9,-5
NA,0,0,Cl9,-4
461.74,702,26.85,Cl9,-3
462.75,98,3.75,Cl9,-2
463.74,2068,79.08,Cl9,-1
464.74,280,10.71,Cl9,0
465.74,2615,100,Cl9,1
466.74,323,12.35,Cl9,2
467.73,2114,80.84,Cl9,3
468.74,267,10.21,Cl9,4
469.73,962,36.79,Cl9,5
470.73,147,5.62,Cl9,6
471.73,286,10.94,Cl9,7
472.73,57,2.18,Cl9,8
473.73,66,2.52,Cl9,9
474.73,3,0.11,Cl9,10
475.72,12,0.46,Cl9,11
NA,0,0,Cl9,12
NA,0,0,Cl9,13
NA,0,0,Cl9,14
NA,0,0,Cl10,-9
NA,0,0,Cl10,-8
NA,0,0,Cl10,-7
NA,0,0,Cl10,-6
NA,0,0,Cl10,-5
NA,0,0,Cl10,-4
495.7,496,19.82,Cl10,-3
496.71,72,2.88,Cl10,-2
497.7,1772,70.8,Cl10,-1
498.7,231,9.23,Cl10,0
499.7,2503,100,Cl10,1
500.7,353,14.1,Cl10,2
501.7,2208,88.21,Cl10,3
502.7,288,11.51,Cl10,4
503.69,1207,48.22,Cl10,5
504.7,165,6.59,Cl10,6
505.69,492,19.66,Cl10,7
506.69,63,2.52,Cl10,8
507.69,100,4,Cl10,9
508.69,18,0.72,Cl10,10
509.68,24,0.96,Cl10,11
510.69,4,0.16,Cl10,12
511.68,3,0.12,Cl10,13
513.68,1,0.04,Cl10,14
NA,0,0,Br1Cl1,-9
NA,0,0,Br1Cl1,-8
NA,0,0,Br1Cl1,-7
NA,0,0,Br1Cl1,-6
NA,0,0,Br1Cl1,-5
NA,0,0,Br1Cl1,-4
NA,0,0,Br1Cl1,-3
NA,0,0,Br1Cl1,-2
267.97,3351,76.28,Br1Cl1,-1
268.97,441,10.04,Br1Cl1,0
269.96,4393,100,Br1Cl1,1
270.97,571,13,Br1Cl1,2
271.96,1103,25.11,Br1Cl1,3
272.96,131,2.98,Br1Cl1,4
273.97,9,0.2,Br1Cl1,5
274.97,1,0.02,Br1Cl1,6
NA,0,0,Br1Cl1,7
NA,0,0,Br1Cl1,8
NA,0,0,Br1Cl1,9
NA,0,0,Br1Cl1,10
NA,0,0,Br1Cl1,11
NA,0,0,Br1Cl1,12
NA,0,0,Br1Cl1,13
NA,0,0,Br1Cl1,14
NA,0,0,Br1Cl2,-9
NA,0,0,Br1Cl2,-8
NA,0,0,Br1Cl2,-7
NA,0,0,Br1Cl2,-6
NA,0,0,Br1Cl2,-5
NA,0,0,Br1Cl2,-4
NA,0,0,Br1Cl2,-3
NA,0,0,Br1Cl2,-2
301.93,2579,62.46,Br1Cl2,-1
302.93,342,8.28,Br1Cl2,0
303.92,4129,100,Br1Cl2,1
304.93,533,12.91,Br1Cl2,2
305.92,1872,45.34,Br1Cl2,3
306.92,245,5.93,Br1Cl2,4
307.92,265,6.42,Br1Cl2,5
308.92,31,0.75,Br1Cl2,6
309.93,4,0.1,Br1Cl2,7
NA,0,0,Br1Cl2,8
NA,0,0,Br1Cl2,9
NA,0,0,Br1Cl2,10
NA,0,0,Br1Cl2,11
NA,0,0,Br1Cl2,12
NA,0,0,Br1Cl2,13
NA,0,0,Br1Cl2,14
NA,0,0,Br1Cl3,-9
NA,0,0,Br1Cl3,-8
NA,0,0,Br1Cl3,-7
NA,0,0,Br1Cl3,-6
NA,0,0,Br1Cl3,-5
NA,0,0,Br1Cl3,-4
NA,0,0,Br1Cl3,-3
NA,0,0,Br1Cl3,-2
335.89,1888,49.91,Br1Cl3,-1
336.89,251,6.63,Br1Cl3,0
337.89,3783,100,Br1Cl3,1
338.89,506,13.38,Br1Cl3,2
339.88,2481,65.58,Br1Cl3,3
340.89,303,8.01,Br1Cl3,4
341.88,652,17.23,Br1Cl3,5
342.88,83,2.19,Br1Cl3,6
343.88,44,1.16,Br1Cl3,7
344.88,9,0.24,Br1Cl3,8
NA,0,0,Br1Cl3,9
NA,0,0,Br1Cl3,10
NA,0,0,Br1Cl3,11
NA,0,0,Br1Cl3,12
NA,0,0,Br1Cl3,13
NA,0,0,Br1Cl3,14
NA,0,0,Br1Cl4,-9
NA,0,0,Br1Cl4,-8
NA,0,0,Br1Cl4,-7
NA,0,0,Br1Cl4,-6
NA,0,0,Br1Cl4,-5
NA,0,0,Br1Cl4,-4
NA,0,0,Br1Cl4,-3
NA,0,0,Br1Cl4,-2
369.85,1512,45.71,Br1Cl4,-1
370.85,211,6.38,Br1Cl4,0
371.85,3308,100,Br1Cl4,1
372.85,468,14.15,Br1Cl4,2
373.84,2737,82.74,Br1Cl4,3
374.85,308,9.31,Br1Cl4,4
375.84,1064,32.16,Br1Cl4,5
376.84,140,4.23,Br1Cl4,6
377.84,197,5.96,Br1Cl4,7
378.84,33,1,Br1Cl4,8
379.84,17,0.51,Br1Cl4,9
380.84,5,0.15,Br1Cl4,10
NA,0,0,Br1Cl4,11
NA,0,0,Br1Cl4,12
NA,0,0,Br1Cl4,13
NA,0,0,Br1Cl4,14
NA,0,0,Br1Cl5,-9
NA,0,0,Br1Cl5,-8
NA,0,0,Br1Cl5,-7
NA,0,0,Br1Cl5,-6
NA,0,0,Br1Cl5,-5
NA,0,0,Br1Cl5,-4
403.81,1117,37.86,Br1Cl5,-3
404.81,143,4.85,Br1Cl5,-2
405.81,2894,98.1,Br1Cl5,-1
406.81,368,12.47,Br1Cl5,0
407.8,2950,100,Br1Cl5,1
408.81,363,12.31,Br1Cl5,2
409.8,1448,49.08,Br1Cl5,3
410.8,171,5.8,Br1Cl5,4
411.8,400,13.56,Br1Cl5,5
412.8,52,1.76,Br1Cl5,6
413.8,80,2.71,Br1Cl5,7
414.8,9,0.31,Br1Cl5,8
415.79,4,0.14,Br1Cl5,9
416.8,1,0.03,Br1Cl5,10
NA,0,0,Br1Cl5,11
NA,0,0,Br1Cl5,12
NA,0,0,Br1Cl5,13
NA,0,0,Br1Cl5,14
NA,0,0,Br2Cl1,-9
NA,0,0,Br2Cl1,-8
NA,0,0,Br2Cl1,-7
NA,0,0,Br2Cl1,-6
NA,0,0,Br2Cl1,-5
NA,0,0,Br2Cl1,-4
NA,0,0,Br2Cl1,-3
NA,0,0,Br2Cl1,-2
345.88,1692,43.98,Br2Cl1,-1
346.88,234,6.08,Br2Cl1,0
347.87,3847,100,Br2Cl1,1
348.88,494,12.84,Br2Cl1,2
349.87,2779,72.24,Br2Cl1,3
350.87,349,9.07,Br2Cl1,4
351.87,531,13.8,Br2Cl1,5
352.87,70,1.82,Br2Cl1,6
353.88,4,0.1,Br2Cl1,7
NA,0,0,Br2Cl1,8
NA,0,0,Br2Cl1,9
NA,0,0,Br2Cl1,10
NA,0,0,Br2Cl1,11
NA,0,0,Br2Cl1,12
NA,0,0,Br2Cl1,13
NA,0,0,Br2Cl1,14
NA,0,0,Br2Cl2,-9
NA,0,0,Br2Cl2,-8
NA,0,0,Br2Cl2,-7
NA,0,0,Br2Cl2,-6
NA,0,0,Br2Cl2,-5
NA,0,0,Br2Cl2,-4
NA,0,0,Br2Cl2,-3
NA,0,0,Br2Cl2,-2
379.84,1301,38.4,Br2Cl2,-1
380.84,193,5.7,Br2Cl2,0
381.83,3388,100,Br2Cl2,1
382.84,443,13.08,Br2Cl2,2
383.83,2903,85.68,Br2Cl2,3
384.84,391,11.54,Br2Cl2,4
385.83,1084,32,Br2Cl2,5
386.83,144,4.25,Br2Cl2,6
387.83,132,3.9,Br2Cl2,7
388.83,20,0.59,Br2Cl2,8
389.83,1,0.03,Br2Cl2,9
NA,0,0,Br2Cl2,10
NA,0,0,Br2Cl2,11
NA,0,0,Br2Cl2,12
NA,0,0,Br2Cl2,13
NA,0,0,Br2Cl2,14
NA,0,0,Br2Cl3,-9
NA,0,0,Br2Cl3,-8
NA,0,0,Br2Cl3,-7
NA,0,0,Br2Cl3,-6
NA,0,0,Br2Cl3,-5
NA,0,0,Br2Cl3,-4
413.8,988,32.33,Br2Cl3,-3
414.8,127,4.16,Br2Cl3,-2
415.8,2837,92.83,Br2Cl3,-1
416.8,359,11.75,Br2Cl3,0
417.79,3056,100,Br2Cl3,1
418.8,423,13.84,Br2Cl3,2
419.79,1522,49.8,Br2Cl3,3
420.79,216,7.07,Br2Cl3,4
421.79,399,13.06,Br2Cl3,5
422.79,46,1.51,Br2Cl3,6
423.79,23,0.75,Br2Cl3,7
424.79,3,0.1,Br2Cl3,8
425.79,1,0.03,Br2Cl3,9
NA,0,0,Br2Cl3,10
NA,0,0,Br2Cl3,11
NA,0,0,Br2Cl3,12
NA,0,0,Br2Cl3,13
NA,0,0,Br2Cl3,14
NA,0,0,Br2Cl4,-9
NA,0,0,Br2Cl4,-8
NA,0,0,Br2Cl4,-7
NA,0,0,Br2Cl4,-6
NA,0,0,Br2Cl4,-5
NA,0,0,Br2Cl4,-4
447.76,748,25.09,Br2Cl4,-3
448.76,105,3.52,Br2Cl4,-2
449.76,2416,81.05,Br2Cl4,-1
450.76,318,10.67,Br2Cl4,0
451.75,2981,100,Br2Cl4,1
452.76,386,12.95,Br2Cl4,2
453.75,1915,64.24,Br2Cl4,3
454.75,248,8.32,Br2Cl4,4
455.75,680,22.81,Br2Cl4,5
456.75,75,2.52,Br2Cl4,6
457.75,108,3.62,Br2Cl4,7
458.75,12,0.4,Br2Cl4,8
459.74,7,0.23,Br2Cl4,9
461.75,1,0.03,Br2Cl4,10
NA,0,0,Br2Cl4,11
NA,0,0,Br2Cl4,12
NA,0,0,Br2Cl4,13
NA,0,0,Br2Cl4,14
NA,0,0,Br2Cl5,-9
NA,0,0,Br2Cl5,-8
NA,0,0,Br2Cl5,-7
NA,0,0,Br2Cl5,-6
NA,0,0,Br2Cl5,-5
NA,0,0,Br2Cl5,-4
481.72,574,19.96,Br2Cl5,-3
482.72,71,2.47,Br2Cl5,-2
483.72,1957,68.05,Br2Cl5,-1
484.72,267,9.28,Br2Cl5,0
485.72,2876,100,Br2Cl5,1
486.72,365,12.69,Br2Cl5,2
487.71,2159,75.07,Br2Cl5,3
488.72,313,10.88,Br2Cl5,4
489.71,965,33.55,Br2Cl5,5
490.71,131,4.55,Br2Cl5,6
491.71,248,8.62,Br2Cl5,7
492.71,26,0.9,Br2Cl5,8
493.7,41,1.43,Br2Cl5,9
494.71,3,0.1,Br2Cl5,10
495.7,4,0.14,Br2Cl5,11
NA,0,0,Br2Cl5,12
NA,0,0,Br2Cl5,13
NA,0,0,Br2Cl5,14
NA,0,0,Br3Cl1,-9
NA,0,0,Br3Cl1,-8
NA,0,0,Br3Cl1,-7
NA,0,0,Br3Cl1,-6
NA,0,0,Br3Cl1,-5
NA,0,0,Br3Cl1,-4
423.79,854,25.5,Br3Cl1,-3
424.79,108,3.22,Br3Cl1,-2
425.78,2838,84.74,Br3Cl1,-1
426.79,374,11.17,Br3Cl1,0
427.78,3349,100,Br3Cl1,1
428.79,427,12.75,Br3Cl1,2
429.78,1561,46.61,Br3Cl1,3
430.78,210,6.27,Br3Cl1,4
431.78,254,7.58,Br3Cl1,5
432.78,24,0.72,Br3Cl1,6
433.78,1,0.03,Br3Cl1,7
NA,0,0,Br3Cl1,8
NA,0,0,Br3Cl1,9
NA,0,0,Br3Cl1,10
NA,0,0,Br3Cl1,11
NA,0,0,Br3Cl1,12
NA,0,0,Br3Cl1,13
NA,0,0,Br3Cl1,14
NA,0,0,Br3Cl2,-9
NA,0,0,Br3Cl2,-8
NA,0,0,Br3Cl2,-7
NA,0,0,Br3Cl2,-6
NA,0,0,Br3Cl2,-5
NA,0,0,Br3Cl2,-4
457.75,657,20.61,Br3Cl2,-3
458.75,93,2.92,Br3Cl2,-2
459.75,2376,74.55,Br3Cl2,-1
460.75,282,8.85,Br3Cl2,0
461.74,3187,100,Br3Cl2,1
462.75,426,13.37,Br3Cl2,2
463.74,1976,62,Br3Cl2,3
464.74,262,8.22,Br3Cl2,4
465.74,603,18.92,Br3Cl2,5
466.74,75,2.35,Br3Cl2,6
467.74,56,1.76,Br3Cl2,7
468.74,6,0.19,Br3Cl2,8
469.74,1,0.03,Br3Cl2,9
NA,0,0,Br3Cl2,10
NA,0,0,Br3Cl2,11
NA,0,0,Br3Cl2,12
NA,0,0,Br3Cl2,13
NA,0,0,Br3Cl2,14
NA,0,0,Br3Cl3,-9
NA,0,0,Br3Cl3,-8
NA,0,0,Br3Cl3,-7
NA,0,0,Br3Cl3,-6
NA,0,0,Br3Cl3,-5
NA,0,0,Br3Cl3,-4
491.71,517,17.07,Br3Cl3,-3
492.71,72,2.38,Br3Cl3,-2
493.71,1898,62.66,Br3Cl3,-1
494.71,213,7.03,Br3Cl3,0
495.7,3029,100,Br3Cl3,1
496.71,396,13.07,Br3Cl3,2
497.7,2345,77.42,Br3Cl3,3
498.7,277,9.14,Br3Cl3,4
499.7,876,28.92,Br3Cl3,5
500.7,145,4.79,Br3Cl3,6
501.7,197,6.5,Br3Cl3,7
502.7,21,0.69,Br3Cl3,8
503.69,13,0.43,Br3Cl3,9
504.7,1,0.03,Br3Cl3,10
NA,0,0,Br3Cl3,11
NA,0,0,Br3Cl3,12
NA,0,0,Br3Cl3,13
NA,0,0,Br3Cl3,14
NA,0,0,Br3Cl4,-9
NA,0,0,Br3Cl4,-8
NA,0,0,Br3Cl4,-7
NA,0,0,Br3Cl4,-6
NA,0,0,Br3Cl4,-5
NA,0,0,Br3Cl4,-4
525.67,410,15.18,Br3Cl4,-3
526.67,60,2.22,Br3Cl4,-2
527.67,1492,55.24,Br3Cl4,-1
528.67,196,7.26,Br3Cl4,0
529.66,2701,100,Br3Cl4,1
530.67,354,13.11,Br3Cl4,2
531.66,2475,91.63,Br3Cl4,3
532.67,315,11.66,Br3Cl4,4
533.66,1316,48.72,Br3Cl4,5
534.66,161,5.96,Br3Cl4,6
535.66,384,14.22,Br3Cl4,7
536.66,62,2.3,Br3Cl4,8
537.65,59,2.18,Br3Cl4,9
538.66,8,0.3,Br3Cl4,10
539.65,7,0.26,Br3Cl4,11
NA,0,0,Br3Cl4,12
NA,0,0,Br3Cl4,13
NA,0,0,Br3Cl4,14
NA,0,0,Br3Cl5,-9
NA,0,0,Br3Cl5,-8
NA,0,0,Br3Cl5,-7
NA,0,0,Br3Cl5,-6
559.63,309,12.31,Br3Cl5,-5
560.63,39,1.55,Br3Cl5,-4
561.63,1289,51.33,Br3Cl5,-3
562.63,192,7.65,Br3Cl5,-2
563.63,2434,96.93,Br3Cl5,-1
564.63,311,12.39,Br3Cl5,0
565.62,2511,100,Br3Cl5,1
566.63,316,12.58,Br3Cl5,2
567.62,1517,60.41,Br3Cl5,3
568.62,207,8.24,Br3Cl5,4
569.62,611,24.33,Br3Cl5,5
570.62,88,3.5,Br3Cl5,6
571.62,132,5.26,Br3Cl5,7
572.62,23,0.92,Br3Cl5,8
573.61,19,0.76,Br3Cl5,9
574.63,1,0.04,Br3Cl5,10
575.61,1,0.04,Br3Cl5,11
NA,0,0,Br3Cl5,12
NA,0,0,Br3Cl5,13
NA,0,0,Br3Cl5,14
NA,0,0,Br4Cl1,-9
NA,0,0,Br4Cl1,-8
NA,0,0,Br4Cl1,-7
NA,0,0,Br4Cl1,-6
NA,0,0,Br4Cl1,-5
NA,0,0,Br4Cl1,-4
501.7,472,15.67,Br4Cl1,-3
502.7,64,2.12,Br4Cl1,-2
503.69,1835,60.92,Br4Cl1,-1
504.7,242,8.03,Br4Cl1,0
505.69,3012,100,Br4Cl1,1
506.7,409,13.58,Br4Cl1,2
507.69,2411,80.05,Br4Cl1,3
508.69,328,10.89,Br4Cl1,4
509.69,971,32.24,Br4Cl1,5
510.69,129,4.28,Br4Cl1,6
511.69,104,3.45,Br4Cl1,7
512.69,22,0.73,Br4Cl1,8
513.69,1,0.03,Br4Cl1,9
NA,0,0,Br4Cl1,10
NA,0,0,Br4Cl1,11
NA,0,0,Br4Cl1,12
NA,0,0,Br4Cl1,13
NA,0,0,Br4Cl1,14
NA,0,0,Br4Cl2,-9
NA,0,0,Br4Cl2,-8
NA,0,0,Br4Cl2,-7
NA,0,0,Br4Cl2,-6
NA,0,0,Br4Cl2,-5
NA,0,0,Br4Cl2,-4
535.66,329,11.78,Br4Cl2,-3
536.66,50,1.79,Br4Cl2,-2
537.66,1527,54.69,Br4Cl2,-1
538.66,184,6.59,Br4Cl2,0
539.65,2792,100,Br4Cl2,1
540.66,338,12.11,Br4Cl2,2
541.65,2639,94.52,Br4Cl2,3
542.65,299,10.71,Br4Cl2,4
543.65,1291,46.24,Br4Cl2,5
544.65,157,5.62,Br4Cl2,6
545.65,315,11.28,Br4Cl2,7
546.65,45,1.61,Br4Cl2,8
547.64,32,1.15,Br4Cl2,9
548.65,2,0.07,Br4Cl2,10
NA,0,0,Br4Cl2,11
NA,0,0,Br4Cl2,12
NA,0,0,Br4Cl2,13
NA,0,0,Br4Cl2,14
NA,0,0,Br4Cl3,-9
NA,0,0,Br4Cl3,-8
NA,0,0,Br4Cl3,-7
NA,0,0,Br4Cl3,-6
569.62,251,9.69,Br4Cl3,-5
570.62,33,1.27,Br4Cl3,-4
571.62,1256,48.48,Br4Cl3,-3
572.62,160,6.18,Br4Cl3,-2
573.61,2483,95.83,Br4Cl3,-1
574.62,326,12.58,Br4Cl3,0
575.61,2591,100,Br4Cl3,1
576.62,361,13.93,Br4Cl3,2
577.61,1587,61.25,Br4Cl3,3
578.61,202,7.8,Br4Cl3,4
579.61,547,21.11,Br4Cl3,5
580.61,79,3.05,Br4Cl3,6
581.61,99,3.82,Br4Cl3,7
582.61,14,0.54,Br4Cl3,8
583.6,10,0.39,Br4Cl3,9
584.61,1,0.04,Br4Cl3,10
NA,0,0,Br4Cl3,11
NA,0,0,Br4Cl3,12
NA,0,0,Br4Cl3,13
NA,0,0,Br4Cl3,14
NA,0,0,Br4Cl4,-9
NA,0,0,Br4Cl4,-8
NA,0,0,Br4Cl4,-7
NA,0,0,Br4Cl4,-6
603.58,175,6.76,Br4Cl4,-5
604.58,33,1.28,Br4Cl4,-4
605.58,961,37.15,Br4Cl4,-3
606.58,148,5.72,Br4Cl4,-2
607.58,2161,83.53,Br4Cl4,-1
608.58,283,10.94,Br4Cl4,0
609.57,2587,100,Br4Cl4,1
610.58,341,13.18,Br4Cl4,2
611.57,1848,71.43,Br4Cl4,3
612.57,228,8.81,Br4Cl4,4
613.57,850,32.86,Br4Cl4,5
614.57,93,3.59,Br4Cl4,6
615.57,219,8.47,Br4Cl4,7
616.57,27,1.04,Br4Cl4,8
617.56,39,1.51,Br4Cl4,9
618.57,4,0.15,Br4Cl4,10
619.56,2,0.08,Br4Cl4,11
620.56,1,0.04,Br4Cl4,12
NA,0,0,Br4Cl4,13
NA,0,0,Br4Cl4,14
NA,0,0,Br4Cl5,-9
NA,0,0,Br4Cl5,-8
NA,0,0,Br4Cl5,-7
NA,0,0,Br4Cl5,-6
637.54,159,6.2,Br4Cl5,-5
638.54,15,0.58,Br4Cl5,-4
639.54,742,28.92,Br4Cl5,-3
640.54,104,4.05,Br4Cl5,-2
641.54,1896,73.89,Br4Cl5,-1
642.54,232,9.04,Br4Cl5,0
643.53,2566,100,Br4Cl5,1
644.54,320,12.47,Br4Cl5,2
645.53,1969,76.73,Br4Cl5,3
646.53,268,10.44,Br4Cl5,4
647.53,1086,42.32,Br4Cl5,5
648.53,111,4.33,Br4Cl5,6
649.53,376,14.65,Br4Cl5,7
650.53,59,2.3,Br4Cl5,8
651.52,80,3.12,Br4Cl5,9
652.53,5,0.19,Br4Cl5,10
653.52,11,0.43,Br4Cl5,11
654.52,1,0.04,Br4Cl5,12
NA,0,0,Br4Cl5,13
NA,0,0,Br4Cl5,14
NA,0,0,Br5Cl1,-9
NA,0,0,Br5Cl1,-8
NA,0,0,Br5Cl1,-7
NA,0,0,Br5Cl1,-6
579.61,199,7.15,Br5Cl1,-5
580.61,30,1.08,Br5Cl1,-4
581.61,1191,42.78,Br5Cl1,-3
582.61,144,5.17,Br5Cl1,-2
583.6,2453,88.11,Br5Cl1,-1
584.61,313,11.24,Br5Cl1,0
585.6,2784,100,Br5Cl1,1
586.6,359,12.9,Br5Cl1,2
587.6,1679,60.31,Br5Cl1,3
588.6,206,7.4,Br5Cl1,4
589.6,514,18.46,Br5Cl1,5
590.6,59,2.12,Br5Cl1,6
591.6,65,2.33,Br5Cl1,7
592.6,4,0.14,Br5Cl1,8
NA,0,0,Br5Cl1,9
NA,0,0,Br5Cl1,10
NA,0,0,Br5Cl1,11
NA,0,0,Br5Cl1,12
NA,0,0,Br5Cl1,13
NA,0,0,Br5Cl1,14
NA,0,0,Br5Cl2,-9
NA,0,0,Br5Cl2,-8
NA,0,0,Br5Cl2,-7
NA,0,0,Br5Cl2,-6
613.57,209,8.03,Br5Cl2,-5
614.57,26,1,Br5Cl2,-4
615.57,906,34.79,Br5Cl2,-3
616.57,121,4.65,Br5Cl2,-2
617.56,2158,82.87,Br5Cl2,-1
618.57,283,10.87,Br5Cl2,0
619.56,2604,100,Br5Cl2,1
620.57,330,12.67,Br5Cl2,2
621.56,2032,78.03,Br5Cl2,3
622.56,229,8.79,Br5Cl2,4
623.56,783,30.07,Br5Cl2,5
624.56,99,3.8,Br5Cl2,6
625.56,173,6.64,Br5Cl2,7
626.56,28,1.08,Br5Cl2,8
627.55,17,0.65,Br5Cl2,9
628.56,1,0.04,Br5Cl2,10
629.56,1,0.04,Br5Cl2,11
NA,0,0,Br5Cl2,12
NA,0,0,Br5Cl2,13
NA,0,0,Br5Cl2,14
NA,0,0,Br5Cl3,-9
NA,0,0,Br5Cl3,-8
NA,0,0,Br5Cl3,-7
NA,0,0,Br5Cl3,-6
647.53,121,4.72,Br5Cl3,-5
648.53,18,0.7,Br5Cl3,-4
649.53,726,28.35,Br5Cl3,-3
650.53,87,3.4,Br5Cl3,-2
651.53,1886,73.64,Br5Cl3,-1
652.53,271,10.58,Br5Cl3,0
653.52,2561,100,Br5Cl3,1
654.53,334,13.04,Br5Cl3,2
655.52,2060,80.44,Br5Cl3,3
656.52,279,10.89,Br5Cl3,4
657.52,1103,43.07,Br5Cl3,5
658.52,136,5.31,Br5Cl3,6
659.52,299,11.68,Br5Cl3,7
660.52,40,1.56,Br5Cl3,8
661.51,64,2.5,Br5Cl3,9
662.52,11,0.43,Br5Cl3,10
663.51,4,0.16,Br5Cl3,11
NA,0,0,Br5Cl3,12
NA,0,0,Br5Cl3,13
NA,0,0,Br5Cl3,14
NA,0,0,Br5Cl4,-9
NA,0,0,Br5Cl4,-8
NA,0,0,Br5Cl4,-7
NA,0,0,Br5Cl4,-6
681.49,98,4.15,Br5Cl4,-5
682.49,14,0.59,Br5Cl4,-4
683.49,557,23.58,Br5Cl4,-3
684.49,76,3.22,Br5Cl4,-2
685.49,1613,68.29,Br5Cl4,-1
686.49,219,9.27,Br5Cl4,0
687.48,2362,100,Br5Cl4,1
688.49,317,13.42,Br5Cl4,2
689.48,2239,94.79,Br5Cl4,3
690.48,291,12.32,Br5Cl4,4
691.48,1321,55.93,Br5Cl4,5
692.48,177,7.49,Br5Cl4,6
693.48,504,21.34,Br5Cl4,7
694.48,76,3.22,Br5Cl4,8
695.47,96,4.06,Br5Cl4,9
696.48,18,0.76,Br5Cl4,10
697.47,19,0.8,Br5Cl4,11
698.47,3,0.13,Br5Cl4,12
NA,0,0,Br5Cl4,13
NA,0,0,Br5Cl4,14
NA,0,0,Br5Cl5,-9
NA,0,0,Br5Cl5,-8
715.45,66,2.95,Br5Cl5,-7
716.45,10,0.45,Br5Cl5,-6
717.45,452,20.2,Br5Cl5,-5
718.45,60,2.68,Br5Cl5,-4
719.45,1395,62.33,Br5Cl5,-3
720.45,160,7.15,Br5Cl5,-2
721.44,2179,97.36,Br5Cl5,-1
722.45,287,12.82,Br5Cl5,0
723.44,2238,100,Br5Cl5,1
724.45,313,13.99,Br5Cl5,2
725.44,1534,68.54,Br5Cl5,3
726.44,202,9.03,Br5Cl5,4
727.44,709,31.68,Br5Cl5,5
728.44,78,3.49,Br5Cl5,6
729.44,231,10.32,Br5Cl5,7
730.44,33,1.47,Br5Cl5,8
731.43,46,2.06,Br5Cl5,9
732.43,2,0.09,Br5Cl5,10
733.43,3,0.13,Br5Cl5,11
734.43,2,0.09,Br5Cl5,12
NA,0,0,Br5Cl5,13
NA,0,0,Br5Cl5,14
